,Strain,Standard force,Test time,temp,"density, tex","density, g/cm^3",fiber type,"test speed, mm/min","polymer content, %","test speed, %/min"
0,445.9843039512634,1977.091576470269,3.200002441405559,1.0,720,1.82,high modulus fiber,30,38.58402047199317,
0,354.8915684223175,1622.6073082817925,8.530009765625437,1.0,720,1.82,high modulus fiber,7,35.36804308797127,
0,454.7782838344574,2098.9844953748916,3.390004882811809,1.0,720,1.82,high modulus fiber,30,37.8953421506613,
0,682.9645037651062,2485.681884765625,4.22998046875,1.0,720,1.82,high modulus fiber,30,42.3692636072572,
0,342.07889437675476,1517.0804545084634,2.739990234375,1.0,720,1.82,high modulus fiber,30,32.60530421216849,
0,389.7708058357239,1768.1649729410806,6.740031738278049,1.0,720,1.82,high modulus fiber,10,36.95271453590193,
0,467.11841225624084,2152.4549255371094,1.4100341796875,1.0,720,1.82,high modulus fiber,100,43.20273468314489,
0,432.25473165512085,1941.410166422526,8.309987792968514,1.0,720,1.82,high modulus fiber,15,39.223410241980865,
0,378.2947361469269,1684.8353220621743,7.689992675779649,1.0,720,1.82,high modulus fiber,7,37.60831889081456,
0,335.7362449169159,1493.079062567817,9.780009765625437,1.0,720,1.82,high modulus fiber,5,36.61971830985916,
0,365.91553688049316,1495.578038736979,1.2600000000002183,1.0,720,1.82,high modulus fiber,100,37.73421735370423,
0,511.3598108291626,2414.9818657769097,1.6400048828127183,1.0,720,1.82,high modulus fiber,100,39.94995829858215,
0,368.24795603752136,1668.4447258843315,26.71997314453256,1.0,720,1.82,high modulus fiber,2,34.99849533554017,
0,404.6369791030884,1899.8568878173828,32.52997070312267,1.0,720,1.82,high modulus fiber,2,39.37692955374685,
0,437.4387562274933,2038.5976986355251,13.369965820311336,1.0,720,1.82,high modulus fiber,5,38.74078275666478,
0,410.8041226863861,1823.5960354275173,1.3499755859375,1.0,720,1.82,high modulus fiber,100,34.485896269335754,
0,357.1789264678955,1657.0326978895398,24.700024414061772,1.0,720,1.82,high modulus fiber,2,33.02325581395348,
0,430.23404479026794,1985.8386688232422,3.7999780273439683,1.0,720,1.82,high modulus fiber,20,35.71428571428571,
0,292.28493571281433,1340.5970085991753,41.54997070312493,1.0,720,1.82,high modulus fiber,1,27.516778523489933,
0,388.23598623275757,1680.214382595486,2.7300317382814683,1.0,720,1.82,high modulus fiber,30,36.78665496049166,
0,472.10898995399475,2090.13357035319,9.930034179687937,1.0,720,1.82,high modulus fiber,10,32.18210361067504,
0,425.77970027923584,2002.3185950385198,12.300019531248836,1.0,720,1.82,high modulus fiber,5,40.083217753120664,
0,406.5808355808258,1787.685823228624,6.0499780273435135,1.0,720,1.82,high modulus fiber,15,36.934306569343065,
0,396.5563476085663,1748.0714230007595,9.350017089840549,1.0,720,1.82,high modulus fiber,7,36.971111759556464,
0,344.50915455818176,1564.2451714409722,10.960002441406687,1.0,720,1.82,high modulus fiber,5,13.253012048192772,
0,474.4284152984619,2190.2355143229165,27.289990234374272,1.0,720,1.82,high modulus fiber,7,33.49753694581281,
0,390.29932022094727,1779.9844631618923,9.749980468750437,1.0,720,1.82,high modulus fiber,7,35.90504451038575,
0,439.08727169036865,2099.5399152967666,7.719951171875437,1.0,720,1.82,high modulus fiber,10,41.336230309614336,
0,424.0270256996155,1966.7593773735894,34.48998291015596,1.0,720,1.82,high modulus fiber,2,28.994082840236686,
0,364.1110956668854,1671.7278747558594,59.48999511718648,1.0,720,1.82,high modulus fiber,1,35.15460822575804,
0,369.614839553833,1650.420886569553,1.78997802734375,1.0,720,1.82,high modulus fiber,50,34.02565668906536,
0,453.64078879356384,2105.7181905110674,11.680034179687937,1.0,720,1.82,high modulus fiber,7,37.752161383285305,
0,401.44115686416626,1710.0086500379773,1.33001708984375,1.0,720,1.82,high modulus fiber,100,40.033314825097165,
0,404.9939215183258,1849.493877834744,55.18000732421751,1.0,720,1.82,high modulus fiber,1,36.1890694239291,
0,350.8005142211914,1592.7156880696614,2.7099511718752183,1.0,720,1.82,high modulus fiber,30,37.8953421506613,
0,479.98520731925964,2178.830891927083,3.2199609375002183,1.0,720,1.82,high modulus fiber,30,35.75252825698989,
0,418.51806640625,1955.1935289171006,7.200002441408287,1.0,720,1.82,high modulus fiber,10,32.1608040201005,
0,404.1675329208374,1858.5458340115017,6.470021972656468,1.0,720,1.82,high modulus fiber,15,40.8705173829729,
0,384.6305012702942,1754.7538960774739,54.50996337890683,1.0,720,1.82,high modulus fiber,1,37.68032313906521,
0,418.4917211532593,1888.2785424126519,2.069997558593059,1.0,720,1.82,high modulus fiber,50,31.904161412358135,
0,429.72859740257263,1985.6959567599827,2.17999267578125,1.0,720,1.82,high modulus fiber,50,31.688804554079695,
0,343.20324659347534,1528.7825351291233,9.809978027340549,1.0,720,1.82,high modulus fiber,5,38.775510204081634,
0,393.3459222316742,1748.775417751736,2.05999755859375,1.0,720,1.82,high modulus fiber,50,36.075762059781,
0,436.7639422416687,2022.1151496039495,4.590017089843968,1.0,720,1.82,high modulus fiber,20,36.2267493356953,
0,417.6376461982727,1866.3704664442273,2.25,1.0,720,1.82,high modulus fiber,50,36.71256958687372,
0,392.4925923347473,1813.7762112087673,1.780029296875,1.0,720,1.82,high modulus fiber,50,33.20964749536178,
0,407.0449471473694,1840.5135091145833,37.26000244140596,1.0,720,1.82,high modulus fiber,2,31.056495371848072,
0,307.547003030777,1418.2336052788628,6.919973144533287,1.0,720,1.82,high modulus fiber,10,40.23242944106253,
0,447.74872064590454,1968.739295111762,4.229970703125218,1.0,720,1.82,high modulus fiber,20,40.78947368421053,
0,431.2416911125183,2012.308130900065,2.030029296875,1.0,720,1.82,high modulus fiber,50,36.05683836589698,
0,427.0075857639313,1941.7219729953342,7.360026855469187,1.0,720,1.82,high modulus fiber,10,37.391304347826086,
0,415.4839813709259,1887.1468743218315,11.180034179687937,1.0,720,1.82,high modulus fiber,7,38.391329150028525,
0,424.5859980583191,1955.9581570095486,32.98998291015596,1.0,720,1.82,high modulus fiber,2,36.71256958687372,
0,453.929603099823,2110.2568969726562,4.640004882812718,1.0,720,1.82,high modulus fiber,20,37.02623906705539,
0,387.32022047042847,1764.765648735894,4.150014648437718,1.0,720,1.82,high modulus fiber,20,32.773109243697476,
0,449.4028389453888,2085.685736762153,11.560039062500437,1.0,720,1.82,high modulus fiber,7,39.93325917686319,
0,501.1773109436035,2274.214080810547,9.149953613281014,1.0,720,1.82,high modulus fiber,15,42.56846583355491,
0,401.1756479740143,1843.9757809109158,8.489970703125437,1.0,720,1.82,high modulus fiber,10,35.232383808095946,
0,452.8387188911438,2029.8927256266275,3.4599511718752183,1.0,720,1.82,high modulus fiber,30,36.61971830985916,
0,345.52454948425293,1530.989249335395,2.7700097656252183,1.0,720,1.82,high modulus fiber,30,25.74767961498796,
0,421.89231514930725,1969.59186469184,14.110017089842586,1.0,720,1.82,high modulus fiber,5,40.16620498614959,
0,445.68049907684326,2073.6107533772783,14.539948730471224,1.0,720,1.82,high modulus fiber,5,38.03786574870912,
0,359.4830632209778,1601.38671875,52.579980468750364,1.0,720,1.82,high modulus fiber,1,26.4555669050051,
0,575.8380889892578,2760.019829644097,5.930043945312718,1.0,720,1.82,high modulus fiber,20,42.79661016949153,
0,411.81349754333496,1849.9234025743272,1.40997314453125,1.0,720,1.82,high modulus fiber,100,35.13513513513513,
0,422.5269854068756,1959.546169704861,35.05999023437835,1.0,720,1.82,high modulus fiber,2,37.91319344639264,
0,463.67397904396057,2153.1981082492402,75.14999999999964,1.0,720,1.82,high modulus fiber,1,38.70601589103291,
0,438.7056827545166,2041.5733608669705,3.5500390625002183,1.0,720,1.82,high modulus fiber,30,41.5426251691475,
0,429.91048097610474,1586.711907280816,1.530029296875,1.0,720,1.82,high modulus fiber,100,31.056495371848072,
0,414.0879213809967,1781.6556599934895,1.3499658203127183,1.0,720,1.82,high modulus fiber,100,40.11644025505961,
0,513.8673186302185,2324.1151665581597,1.4199731445296493,1.0,720,1.82,high modulus fiber,100,41.30434782608695,
0,414.2099618911743,1830.2207073635525,56.53004394531126,1.0,720,1.82,high modulus fiber,1,37.68032313906521,
0,459.62366461753845,2121.076939900716,2.1899926757814683,1.0,720,1.82,high modulus fiber,50,36.283185840707965,
0,537.8468632698059,2491.092137654622,9.290019531250437,1.0,720,1.82,high modulus fiber,10,35.36804308797127,
0,532.1728587150574,2561.9971991644966,5.089956054686809,1.0,720,1.82,high modulus fiber,20,40.77323827803674,
0,422.1611022949219,1917.3452097574868,57.12995849609433,1.0,720,1.82,high modulus fiber,1,34.406316428788344,
0,418.1865453720093,1911.6348758273655,12.079987792967586,1.0,720,1.82,high modulus fiber,5,30.501930501930502,
0,352.2200882434845,1595.4287601047092,10.139995117184299,1.0,720,1.82,high modulus fiber,5,27.638190954773876,
0,342.56598353385925,1572.0755123562283,10.629985351562937,1.0,720,1.82,high modulus fiber,5,33.76264949402024,
0,468.9032733440399,2200.183547973633,65.59002197265545,1.0,720,1.82,high modulus fiber,1,42.353883106485185,
0,300.9367883205414,1213.1759643554688,5.049978027343968,1.0,720,1.82,high modulus fiber,15,37.77009507346587,
0,401.04296803474426,1803.3789045545789,6.4700219726560135,1.0,720,1.82,high modulus fiber,15,28.07192807192807,
0,360.6659471988678,1650.0033959282769,31.08001953124767,1.0,720,1.82,high modulus fiber,2,29.226736566186105,
0,446.6473162174225,1980.651663886176,1.449951171875,1.0,720,1.82,high modulus fiber,100,38.020086083213776,
0,474.46584701538086,2170.1783752441406,35.25005371093721,1.0,720,1.82,high modulus fiber,2,37.91319344639264,
0,405.86933493614197,1873.0611165364583,3.6400048828127183,1.0,720,1.82,high modulus fiber,20,36.01895734597157,
0,366.4264678955078,1534.035419040256,2.42999267578125,1.0,720,1.82,high modulus fiber,30,31.92562243933186,
0,445.9073543548584,2010.973117404514,7.960002441406232,1.0,720,1.82,high modulus fiber,15,37.5902918231725,
0,431.56909942626953,1975.9944678412542,31.84002929687267,1.0,720,1.82,high modulus fiber,2,37.44569939183319,
0,434.3608021736145,1967.395796034071,1.9899804687502183,1.0,720,1.82,high modulus fiber,50,41.77897574123989,
0,413.9142334461212,1874.2108357747395,3.4699609375002183,1.0,720,1.82,high modulus fiber,30,27.19919110212335,
0,419.6566343307495,1852.8314887152776,2.09002685546875,1.0,720,1.82,high modulus fiber,50,39.15492957746479,
0,400.69183707237244,1789.0358022054036,3.8499658203127183,1.0,720,1.82,high modulus fiber,20,32.26716839134525,
0,373.4719753265381,1.7161255204942492,54.940026855469114,1.0,720,1.82,high modulus fiber,1,32.73123637496107,
0,526.9107818603516,2358.6430002848306,10.269999999999982,1.0,720,1.82,high modulus fiber,15,31.232091690544422,
0,432.2088658809662,1948.3689609103733,7.020009765625218,1.0,720,1.82,high modulus fiber,15,36.2267493356953,
0,367.1002984046936,1655.5407782660589,6.819987792968732,1.0,720,1.82,high modulus fiber,15,36.749633967789165,
0,482.06955194473267,2238.167019314236,4.520009765625218,1.0,720,1.82,high modulus fiber,20,38.70601589103291,
0,455.2060663700104,2109.114737616645,7.499980468749982,1.0,720,1.82,high modulus fiber,15,37.77009507346587,
0,345.50291299819946,1585.1636742485894,5.7000024414060135,1.0,720,1.82,high modulus fiber,15,39.06911142454161,
0,483.15998911857605,2204.164828830295,37.69999511718561,1.0,720,1.82,high modulus fiber,2,31.012456084318117,
0,435.3243112564087,2002.8561180962456,1.5999658203127183,1.0,720,1.82,high modulus fiber,100,37.08127002621614,
0,414.6885275840759,1959.9358893500432,8.859975585939537,1.0,720,1.82,high modulus fiber,7,40.74074074074074,
0,416.47133231163025,1972.5936008029514,10.759990234375437,1.0,720,1.82,high modulus fiber,7,40.083217753120664,
0,419.9739098548889,1883.0558980305989,2.099965820311809,1.0,720,1.82,high modulus fiber,50,35.50313526425798,
0,418.0976450443268,1914.4132097032334,6.819987792968732,1.0,720,1.82,high modulus fiber,15,33.5180055401662,
0,378.46696376800537,1751.1685061984592,53.070031738281614,1.0,720,1.82,high modulus fiber,1,39.120631341600905,
0,426.3564646244049,1994.811323377821,7.150014648437718,1.0,720,1.82,high modulus fiber,15,40.14962593516209,
0,449.36200976371765,2052.5265502929688,42.749973144531396,1.0,720,1.82,high modulus fiber,2,37.64434180138568,
0,446.8376934528351,1969.1575571695962,7.730021972656687,1.0,720,1.82,high modulus fiber,10,37.42757821552723,
0,456.91999793052673,2080.6121300591362,89.66999023437529,1.0,720,1.82,high modulus fiber,1,39.06911142454161,
0,400.4592299461365,1756.8310123019749,1.30999755859375,1.0,720,1.82,high modulus fiber,100,38.81019830028329,
0,372.25592136383057,1686.8411593967014,52.480004882812864,1.0,720,1.82,high modulus fiber,1,35.096153846153854,
0,411.65289282798767,1884.1829376220703,8.369975585937937,1.0,720,1.82,high modulus fiber,10,36.20791494388659,
0,453.25252413749695,2190.8531104193794,21.779980468750182,1.0,720,1.82,high modulus fiber,15,38.91402714932127,
0,411.24069690704346,1766.8830329047307,1.3800048828125,1.0,720,1.82,high modulus fiber,100,19.612951246743577,
0,369.59943175315857,1685.2193332248264,1.8499755859375,1.0,720,1.82,high modulus fiber,50,35.73341267479917,
0,432.283490896225,1997.0583055284287,4,1.0,720,1.82,high modulus fiber,20,45.98649662415603,
0,353.8215756416321,1612.4912601047092,5.6899926757810135,1.0,720,1.82,high modulus fiber,15,41.01583833970508,
0,450.56280493736267,2077.2249942355684,10.620026855467586,1.0,720,1.82,high modulus fiber,7,39.27466966544841,
0,426.74916982650757,1923.0629492865667,7.530009765625437,1.0,720,1.82,high modulus fiber,10,36.8421052631579,
0,398.65386486053467,1794.4762946234807,28.34002929687631,1.0,720,1.82,high modulus fiber,2,39.30879460522618,
0,424.47537183761597,1932.609383477105,12.149995117189974,1.0,720,1.82,high modulus fiber,5,40.805700191833374,
0,415.7816469669342,1865.2205929226345,3.1500146484377183,1.0,720,1.82,high modulus fiber,30,35.809806835066865,
0,362.1971011161804,1455.0989854600693,8.609965820312937,1.0,720,1.82,high modulus fiber,7,33.72200061368517,
0,428.06172370910645,2018.1712053087022,2.3299560546875,1.0,720,1.82,high modulus fiber,50,41.54420719331006,
0,479.2136549949646,2170.565626356337,8.589946289062937,1.0,720,1.82,high modulus fiber,10,37.391304347826086,
0,373.3299970626831,1666.2585313585068,11.699992675781687,1.0,720,1.82,high modulus fiber,5,38.091143594153046,
0,394.3924605846405,1770.5062221950955,11.140046386721224,1.0,720,1.82,high modulus fiber,5,33.23029366306028,
0,340.6098783016205,1558.2995554606118,7.909963378908287,1.0,720,1.82,high modulus fiber,7,39.427930454290525,
0,418.1934595108032,1853.9667053222656,1.34002685546875,1.0,720,1.82,high modulus fiber,100,37.154495199301714,
0,349.7019410133362,1605.5991160074868,2.729970703124309,1.0,720,1.82,high modulus fiber,30,36.82363264112313,
0,383.14786553382874,1768.9771202935112,7.230021972653049,1.0,720,1.82,high modulus fiber,10,41.336230309614336,
0,347.9137718677521,1595.0697428385415,9.050029296875437,1.0,720,1.82,high modulus fiber,7,25.51724137931035,
0,417.45078563690186,1934.7414245605469,8.860026855469187,1.0,720,1.82,high modulus fiber,7,36.934306569343065,
0,395.5710828304291,1762.803936428494,6.359975585939537,1.0,720,1.82,high modulus fiber,10,36.58250146799765,
0,380.56057691574097,1722.5682373046875,6.340017089845787,1.0,720,1.82,high modulus fiber,10,30.791413008651077,
0,431.2519431114197,2024.7791595458984,4.090017089843968,1.0,720,1.82,high modulus fiber,20,36.37702503681885,
0,314.62764739990234,1402.9956597222222,5.629995117185899,1.0,720,1.82,high modulus fiber,10,23.40425531914893,
0,396.1869478225708,1784.0356343587239,31.38000732422006,1.0,720,1.82,high modulus fiber,2,40.577716643741404,
0,475.03989934921265,2214.4103207058374,15.959992675783724,1.0,720,1.82,high modulus fiber,5,38.8967468175389,
0,425.0509738922119,1934.2023586697048,58.86999999999898,1.0,720,1.82,high modulus fiber,1,38.67120954003407,
0,640.3264999389648,3152.1691284179688,6.7700097656247635,1.0,720,1.82,high modulus fiber,20,42.0911528150134,
0,411.1696779727936,1863.6192864312065,12.970002441408724,1.0,720,1.82,high modulus fiber,5,37.28222996515679,
0,425.76277256011963,1943.5003967285156,4.900014648436809,1.0,720,1.82,high modulus fiber,20,31.341385886840442,
0,673.6627817153931,1405.7245485849646,28.830019531254948,1.0,747,1.82,high modulus fiber,5,,
0,1264.3499374389648,0.3796504298225046,58.700017089843755,1.0,800,1.79,high strength,5,23.0,
0,704.3689489364624,1151.744253217296,29.83996826171642,1.0,747,1.82,high modulus fiber,5,,
0,706.3899636268616,28.47495785040389,32.64001708984142,1.0,747,1.82,high modulus fiber,5,,
0,1129.3139457702637,0.7392297681421043,48.81002197266207,1.0,800,1.79,high strength,5,47.0,
0,980.439305305481,3347.707786560059,42.890058593751746,1.0,800,1.79,high strength,5,42.0,
0,722.7188944816589,3194.38131758806,31.85998779296642,1.0,747,1.82,high modulus fiber,5,,
0,674.5550036430359,262.6766508171357,30.78998046874767,1.0,747,1.82,high modulus fiber,5,,
0,857.0382595062256,1219.940674154953,36.629987792970496,1.0,747,1.82,high modulus fiber,5,,
0,621.9830513000488,2883.0493425525015,27.549990234379948,1.0,747,1.82,high modulus fiber,5,,
0,602.2430062294006,728.4051963060574,30.71997314452892,1.0,747,1.82,high modulus fiber,5,,
1,602.2430062294006,728.4051963060574,30.71997314452892,1.0,747,1.82,high modulus fiber,5,,
0,949.0578770637512,3221.9877090454106,41.600019531251746,1.0,800,1.79,high strength,5,23.0,
0,1289.2699241638184,4329.854736328125,34.85997802734346,1.0,800,1.79,high strength,5,37.96491228070175,
0,852.5981903076172,2836.4177856445312,23.139975585938373,1.0,800,1.79,high strength,5,39.863945578231295,
0,931.484043598175,3167.687713623047,26.02003173828416,1.0,800,1.79,high strength,5,37.96491228070175,
0,776.5981554985046,2627.4169006347656,28.09003906250291,1.0,800,1.79,high strength,5,37.96491228070175,
0,1015.9480571746826,3519.0928344726562,31.08001953125131,1.0,800,1.79,high strength,5,37.96491228070175,
0,1267.8017616271973,4163.973541259766,38.60997802734528,1.0,800,1.79,high strength,5,37.96491228070175,
0,1207.8156471252441,4159.858612060547,31.61004882812267,1.0,800,1.79,high strength,5,37.96491228070175,
0,1206.1059474945068,4154.478607177734,31.61999755859506,1.0,800,1.79,high strength,5,37.96491228070175,
0,1088.2526636123657,3493.7935180664062,29.15002685547006,1.0,800,1.79,high strength,5,37.96491228070175,
0,931.2562942504883,3194.1348266601562,24.250012207030522,1.0,800,1.79,high strength,5,37.96491228070175,
0,1228.461503982544,4168.079406738281,32.70996337890756,1.0,800,1.79,high strength,5,37.96491228070175,
0,1148.392915725708,3929.695037841797,38.35002929687471,1.0,800,1.79,high strength,5,37.96491228070175,
1,1148.392915725708,3926.4710998535156,38.67003662109346,1.0,800,1.79,high strength,5,37.96491228070175,
0,837.0830416679382,2794.2423706054688,29.08001953125131,1.0,800,1.79,high strength,5,38.738738738738746,
0,929.0429949760437,3232.962158203125,30.28998046874949,1.0,800,1.79,high strength,5,39.43338700284335,
0,1258.5033178329468,4201.5772705078125,32.89001708984506,1.0,800,1.79,high strength,5,37.96491228070175,
0,1156.5799713134766,3737.60595703125,30.63000732422006,1.0,800,1.79,high strength,5,37.96491228070175,
0,1104.2848825454712,3769.0142211914062,15.350007324221224,1.0,800,1.79,high strength,5,40.270270270270274,
0,958.7191939353943,3281.482452392578,26.32995849609506,1.0,800,1.79,high strength,5,37.96491228070175,
0,1030.1940441131592,3432.5581970214844,30.09997802734142,1.0,800,1.79,high strength,5,37.96491228070175,
0,839.000940322876,2830.98779296875,22.190024414061554,1.0,800,1.79,high strength,5,40.067796610169495,
0,739.9519085884094,2469.3274841308594,27.61004882812267,1.0,800,1.79,high strength,5,37.96491228070175,
0,1133.2626342773438,3857.2767333984375,30.16003662109506,1.0,800,1.79,high strength,5,37.96491228070175,
0,1168.6046123504639,3957.7313232421875,35.03997070312471,1.0,800,1.79,high strength,5,37.96491228070175,
0,1319.6760416030884,4428.816558837891,37.780012207032996,1.0,800,1.79,high strength,5,37.9649122807018,
0,1296.3701486587524,4421.8828125,36.590009765626746,1.0,800,1.79,high strength,5,37.96491228070175,
0,924.913763999939,3191.205322265625,30.360048828129948,1.0,800,1.79,high strength,5,37.96491228070175,
0,804.3281435966492,2656.263153076172,23.03999023437609,1.0,800,1.79,high strength,5,34.83228897899005,
0,785.3060364723206,2654.817352294922,28.77002197265392,1.0,800,1.79,high strength,5,37.96491228070175,
0,674.6370792388916,2275.039077758789,26.390026855468022,1.0,800,1.79,high strength,5,37.96491228070175,
0,1089.836835861206,3812.94580078125,30.89001708984506,1.0,800,1.79,high strength,5,37.96491228070175,
0,1157.667875289917,3947.7977600097656,31.05005126952892,1.0,800,1.79,high strength,5,37.96491228070175,
0,1106.330394744873,3747.262664794922,28.79999023437631,1.0,800,1.79,high strength,5,37.96491228070175,
0,1048.1899976730347,3631.7798767089844,37.00004394531243,1.0,800,1.79,high strength,5,37.96491228070175,
0,891.2743330001831,3040.877471923828,25.01997070312609,1.0,800,1.79,high strength,5,37.17128642501776,
0,1259.2058181762695,4250.9091796875,34.19005615234346,1.0,800,1.79,high strength,5,37.96491228070175,
0,1126.9409656524658,3920.2660217285156,29.08001953124767,1.0,800,1.79,high strength,5,37.96491228070175,
0,846.8016386032104,2821.6991271972656,22.55000000000109,1.0,800,1.79,high strength,5,35.82577132486388,
0,806.5730929374695,2681.874755859375,30.95001464843881,1.0,800,1.79,high strength,5,38.738738738738746,
0,1305.4388761520386,4468.6702880859375,35.08995849609346,1.0,800,1.79,high strength,5,37.96491228070175,
0,1126.9409656524658,3920.2660217285156,29.08001953124767,1.0,800,1.79,high strength,5,37.96491228070175,
0,1001.2830495834351,3482.3680114746094,27.00001220703416,1.0,800,1.79,high strength,5,37.96491228070175,
0,1028.275489807129,3468.0426635742188,26.19996337890916,1.0,800,1.79,high strength,5,37.96491228070175,
0,1250.8329153060913,4268.836120605469,31.65997558593517,1.0,800,1.79,high strength,5,37.96491228070175,
0,1249.2090463638306,3590.2117309570312,33.91002685546846,1.0,800,1.79,high strength,5,37.96491228070175,
0,787.0630621910095,2631.6746520996094,24.16004638672166,1.0,800,1.79,high strength,5,36.857142857142854,
0,756.9068670272827,2419.6302795410156,19.890036621094623,1.0,800,1.79,high strength,5,40.53944978812134,
0,922.8899478912354,3154.253631591797,33.52997070312449,1.0,800,1.79,high strength,5,37.96491228070175,
0,1111.1571788787842,3685.97021484375,28.52003173828416,1.0,800,1.79,high strength,5,37.96491228070175,
0,835.7427716255188,2848.2091369628906,24.080029296874272,1.0,800,1.79,high strength,5,37.96491228070175,
0,855.1232218742371,2906.7819213867188,25.060009765624272,1.0,800,1.79,high strength,5,37.19360568383659,
0,1046.8543767929077,1708.4579833984376,27.21002441406381,1.0,800,1.79,high strength,5,21.9,
0,1044.1240072250366,3655.253144836426,27.80005126953256,1.0,800,1.79,high strength,5,30.5,
0,1045.758605003357,1561.5130661010744,26.41003662109506,1.0,800,1.79,high strength,5,21.7,
1,1045.758605003357,1561.5130661010744,26.41003662109506,1.0,800,1.79,high strength,5,21.7,
0,1049.2016077041626,3599.082936096192,28.01997070312791,1.0,800,1.79,high strength,5,25.1,
0,1075.4919052124023,3692.848443603516,28.900036621093022,1.0,800,1.79,high strength,5,26.4,
0,908.4748029708862,3108.7530563354494,23.849987792968022,1.0,800,1.79,high strength,5,26.9,
0,634.1039538383484,2021.9389167785646,81.55000488281257,1.0,800,1.79,high strength,1,37.96846730421297,
0,828.0410766601562,2759.7112503051762,2.1299951171877183,1.0,800,1.79,high strength,100,40.74074074074074,
0,820.4841017723083,2742.2075653076176,122.02002929687478,1.0,800,1.79,high strength,1,43.08750296419255,
0,754.3230056762695,2493.594329833985,34.02001220703096,1.0,800,1.79,high strength,5,47.57536041939712,
0,622.4694848060608,1972.3262054443362,6.920024414062937,1.0,800,1.79,high strength,15,38.58751279426817,
0,1278.7655591964722,4236.057014465333,5.250051269529649,1.0,800,1.79,high strength,50,36.675461741424805,
0,863.6449575424194,2887.2629531860357,85.58002441406097,1.0,800,1.79,high strength,2,37.254901960784316,
0,899.9819755554199,3009.773179626465,24.059958496094623,1.0,800,1.79,high strength,7,37.904269081500644,
0,876.6968250274658,2882.823460388184,5.010000000000218,1.0,800,1.79,high strength,30,40.608760207869345,
0,903.4841656684875,3020.5056411743167,19.409995117187464,1.0,800,1.79,high strength,10,60.08647929486113,
0,930.3540587425232,3180.61854095459,38.600019531251746,1.0,800,1.79,high strength,5,39.96998499249625,
0,857.8468561172485,2856.0854446411136,29.76001220703074,1.0,800,1.79,high strength,7,38.144329896907216,
0,851.3727784156799,2883.583041381836,23.949963378905522,1.0,800,1.79,high strength,7,46.46442114655365,
0,675.2781271934509,2237.004128265381,40.660017089845496,1.0,800,1.79,high strength,3,40.32819492789657,
0,976.5386581420898,2362.0450622558596,5.099965820312718,1.0,800,1.79,high strength,30,22.254616132167143,
0,873.426079750061,2917.4342422485356,147.74996093749905,1.0,800,1.79,high strength,1,35.53585817888799,
0,683.3289265632629,2252.0742042541506,13.610017089843495,1.0,800,1.79,high strength,10,36.406995230524636,
0,869.9989914894104,2258.041735839844,149.60999755859484,1.0,800,1.79,high strength,1,32.3943661971831,
0,841.2908911705017,2710.3955703735355,11.050029296873618,1.0,800,1.79,high strength,15,36.541512427287145,
0,890.5360698699951,2974.9728439331057,16.319978027343495,1.0,800,1.79,high strength,10,32.641032837496496,
0,953.0012011528015,3219.768235778809,9.659953613281687,1.0,800,1.79,high strength,20,36.8421052631579,
0,636.0120177268982,1981.5735099792482,6.949992675781687,1.0,800,1.79,high strength,20,35.8974358974359,
0,936.0458254814148,3021.277513122559,2.3800048828125,1.0,800,1.79,high strength,100,41.93080087103799,
0,874.6909499168396,2891.2149047851567,12.099956054687937,1.0,800,1.79,high strength,15,35.205183585313165,
0,836.9393944740295,2821.6426391601567,26.969982910155977,1.0,800,1.79,high strength,5,48.5751017784444,
0,819.0550208091736,2723.094038391114,78.16000976562464,1.0,800,1.79,high strength,2,94.12052915237629,
0,792.5716042518616,2669.410699462891,13.020000000000437,1.0,800,1.79,high strength,10,39.3633148054573,
0,843.0997729301453,2758.233877563477,11.670024414062937,1.0,800,1.79,high strength,15,40.74074074074074,
0,913.5223031044006,2919.0025680541994,8.1299951171859,1.0,800,1.79,high strength,20,38.853503184713375,
0,742.559015750885,2480.3231033325196,72.30003417968692,1.0,800,1.79,high strength,2,40.26879044300647,
0,944.9262022972107,1899.3904518127445,17.449982910155995,1.0,800,1.79,high strength,10,33.37034980566352,
0,965.1792049407959,3149.2531173706057,5.450002441405559,1.0,800,1.79,high strength,30,37.839937839937846,
0,905.9450030326843,3047.70934753418,135.9900317382817,1.0,800,1.79,high strength,1,42.92508917954816,
0,754.0407180786133,2473.962944030762,5.479970703125218,1.0,800,1.79,high strength,30,43.38287331917905,
0,842.6014184951782,2705.4201919555667,7.890004882814537,1.0,800,1.79,high strength,20,38.57179421551062,
0,950.6615400314331,2277.433857727051,9.789958496094187,1.0,800,1.79,high strength,20,43.39622641509434,
0,803.5898804664612,2341.1056457519535,2.0900170898439683,1.0,800,1.79,high strength,100,41.16204952194165,
0,817.5321221351624,2738.679515075684,24.359997558593932,1.0,800,1.79,high strength,5,34.80032599837001,
0,815.7209753990173,2548.880682373047,124.57000732421875,1.0,800,1.79,high strength,1,42.62491035142243,
0,748.3300566673279,2466.2376693725587,67.09001220703067,1.0,800,1.79,high strength,2,35.79454253611557,
0,946.3919997215271,3174.169067382813,12.050029296875437,1.0,800,1.79,high strength,15,41.8745458948898,
0,734.1519594192505,2419.490252685547,65.63999999999942,1.0,800,1.79,high strength,2,40.1943683030152,
0,950.3670334815979,1507.2271972656251,25.409985351562682,1.0,800,1.79,high strength,7,49.727691663175534,
0,786.8924140930176,2626.1787689208986,11.150004882811118,1.0,800,1.79,high strength,15,37.581274382314696,
0,883.9869499206543,3004.750003051758,11.859965820312937,1.0,800,1.79,high strength,15,38.90020366598778,
0,796.0129976272583,2686.6617370605472,55.49000488281308,1.0,800,1.79,high strength,3,30.434782608695656,
0,844.944953918457,2883.7917144775392,147.40999511718837,1.0,800,1.79,high strength,1,45.885005636978576,
0,811.6549849510193,2710.736985778809,64.22003662109637,1.0,800,1.79,high strength,2,45.933768866861904,
0,693.8279867172241,2222.411487579346,40.499982910157996,1.0,800,1.79,high strength,3,30.915371329879093,
0,896.8380093574524,3031.0250595092775,90.73999755859404,1.0,800,1.79,high strength,2,51.060358890701465,
0,747.2190260887146,2157.0940773010257,15.649995117187245,1.0,800,1.79,high strength,10,36.95823483057526,
0,770.0209617614746,2264.4924385070804,104.99002929687595,1.0,800,1.79,high strength,1,44.80220791168353,
0,760.4994177818298,2437.6120361328126,24.180014648437464,1.0,800,1.79,high strength,7,39.698492462311556,
0,730.7189702987671,2378.5400695800786,47.709985351561045,1.0,800,1.79,high strength,3,43.88590133270984,
0,838.2858037948608,1720.835794067383,15.359956054686336,1.0,800,1.79,high strength,10,37.72703684483653,
0,801.0024428367615,2596.4972061157227,10.980021972656687,1.0,800,1.79,high strength,15,41.81818181818182,
0,938.7648701667786,2020.699305725098,16.739960937502474,1.0,800,1.79,high strength,10,36.94167104571729,
0,955.9075832366943,3243.5719909667973,3.8499755859375,1.0,800,1.79,high strength,50,37.92033109156751,
0,869.735598564148,2935.3899612426762,28.960024414062445,1.0,800,1.79,high strength,5,43.529411764705884,
0,822.6452469825745,1151.310787200928,66.75999511718692,1.0,800,1.79,high strength,2,36.254980079681275,
1,822.6452469825745,1151.310787200928,66.75999511718692,1.0,800,1.79,high strength,2,36.254980079681275,
0,969.7551131248474,3109.3823532104498,12.450043945311336,1.0,800,1.79,high strength,15,44.17306350314026,
0,882.850170135498,2795.000765991211,2,1.0,800,1.79,high strength,100,45.70135746606335,
0,976.3922095298767,3224.9916183471682,2.2499902343752183,1.0,800,1.79,high strength,100,29.453262786596113,
0,879.8539638519287,3004.1439224243168,11.850007324217586,1.0,800,1.79,high strength,15,37.43482794577685,
0,989.3566966056824,1666.5906219482424,12.350007324221224,1.0,800,1.79,high strength,15,39.14807302231237,
0,701.3189792633057,2228.9846900939942,15.810019531249964,1.0,800,1.79,high strength,10,31.25179031796047,
0,859.2203259468079,2501.1770294189455,29.68994384765756,1.0,800,1.79,high strength,5,33.90250619664005,
0,951.4514207839966,3204.714820861817,24.500012207030522,1.0,800,1.79,high strength,7,36.20414673046252,
0,1035.814881324768,3447.708631896973,86.20002929687507,1.0,800,1.79,high strength,2,34.06593406593407,
0,924.1129159927368,3099.708825683594,153.72003417968517,1.0,800,1.79,high strength,1,37.581274382314696,
0,767.2150135040283,2502.161125183106,14.130036621096224,1.0,800,1.79,high strength,10,33.60995850622406,
0,918.2702302932739,3016.066694641114,12.699982910156905,1.0,800,1.79,high strength,15,46.006749156355454,
0,715.8100008964539,2387.4256103515627,29.21002441406381,1.0,800,1.79,high strength,5,35.53585817888799,
0,983.3433032035828,3258.3255065917974,2.2200219726546493,1.0,800,1.79,high strength,100,42.88434079009995,
0,866.9590950012207,2888.4016418457036,35.50005371093721,1.0,800,1.79,high strength,5,37.238493723849366,
0,815.943717956543,2658.6009414672853,7.710002441403049,1.0,800,1.79,high strength,20,34.78260869565217,
0,927.1190166473389,2753.640338134766,35.14000732421937,1.0,800,1.79,high strength,5,47.46059544658494,
0,814.9545192718506,2748.958030700684,3.0699975585939683,1.0,800,1.79,high strength,50,22.254616132167143,
0,711.7919921875,2360.684590148926,54.18000732421933,1.0,800,1.79,high strength,3,34.02968664101155,
0,913.0865931510925,3019.5278274536136,11.250041503906687,1.0,800,1.79,high strength,15,44.17306350314026,
0,871.8958497047424,1663.9472473144533,5.550039062500218,1.0,800,1.79,high strength,30,33.277731442869054,
0,747.7959990501404,2519.26958770752,98.71000976562573,1.0,800,1.79,high strength,1,44.64944649446495,
0,935.7536435127258,3046.1079727172855,11.470002441405086,1.0,800,1.79,high strength,15,36.85872138910813,
0,931.3223958015442,3069.5774139404302,16.770051269530086,1.0,800,1.79,high strength,10,36.254980079681275,
0,775.4569053649902,1461.0312347412112,22.639975585938373,1.0,800,1.79,high strength,7,41.44913393510612,
0,1099.8512506484985,3776.873506164551,13.980012207033724,1.0,800,1.79,high strength,15,48.91443167305236,
0,943.6460137367249,3101.7005065917974,17.290000000000873,1.0,800,1.79,high strength,10,44.250871080139376,
0,1067.0289993286133,3695.9017898559573,39.49999267578096,1.0,800,1.79,high strength,5,37.27130162049138,
0,859.0851426124573,2700.387455749512,2.1099853515625,1.0,800,1.79,high strength,100,36.675461741424805,
0,724.7382402420044,2398.0744934082036,5.150014648437718,1.0,800,1.79,high strength,30,35.7429718875502,
0,854.2330265045166,2829.9857391357427,22.080039062500873,1.0,800,1.79,high strength,7,37.254901960784316,
0,821.6129541397095,2716.849140930176,112.95999023437435,1.0,800,1.79,high strength,1,48.453608247422686,
0,840.0970697402954,2792.681872558594,15.540000000000873,1.0,800,1.79,high strength,10,33.5180055401662,
0,889.2019987106323,3026.0917434692387,55.87000976562558,1.0,800,1.79,high strength,3,40.50570153693604,
0,938.7339949607849,3092.8734161376956,165.74003417968743,1.0,800,1.79,high strength,1,36.3395225464191,
0,923.2286810874939,2706.0352859497075,5.609975585937718,1.0,800,1.79,high strength,30,32.375316990701606,
0,954.3505907058716,3053.3525344848636,11.949982910158724,1.0,800,1.79,high strength,15,43.23557237464522,
0,972.0759391784668,3340.2078460693365,5.979970703124309,1.0,800,1.79,high strength,30,41.3059427732942,
0,810.2858662605286,2706.65311126709,68.42002929687624,1.0,800,1.79,high strength,2,34.138309549945106,
0,1098.667025566101,3746.9108901977543,76.41000976562646,1.0,800,1.79,high strength,3,42.432237946749815,
0,842.6410555839539,2830.059484863282,83.71998779296882,1.0,800,1.79,high strength,2,32.27990970654628,
0,986.02294921875,3328.992486572266,38.54003173828187,1.0,800,1.79,high strength,5,41.81818181818182,
0,890.7500505447388,2933.4264129638677,8.689982910156687,1.0,800,1.79,high strength,100,35.62231759656653,
0,722.9099869728088,2400.246441650391,72.67001953124782,1.0,800,1.79,high strength,2,32.60320134793598,
0,1136.6525888442993,2093.2791679382326,7.340007324217368,1.0,800,1.79,high strength,30,43.35614821807883,
0,827.5589942932129,2712.8127914428715,50.530053710936045,1.0,800,1.79,high strength,3,43.35614821807883,
0,727.5199294090271,2397.0385025024416,63.96001708984295,1.0,800,1.79,high strength,2,40.91580502215657,
0,789.2535924911499,2604.266455078125,22.909995117187464,1.0,800,1.79,high strength,5,35.605044271532066,
0,972.7280139923096,3276.774229431153,170.04996093750015,1.0,800,1.79,high strength,1,36.725547060374375,
0,932.6661229133606,3094.5127563476567,30.25000244140392,1.0,800,1.79,high strength,5,36.440677966101696,
0,790.8869981765747,2609.4824630737307,89.21002929687529,1.0,800,1.79,high strength,2,53.024075161479736,
0,839.2895460128784,2381.06190032959,5.379985351562027,1.0,800,1.79,high strength,30,24.599434495758715,
0,747.5420832633972,2312.965368652344,109.9500415039056,1.0,800,1.79,high strength,1,43.70161857846587,
0,929.2191863059998,3032.9558319091802,22.319968261719623,1.0,800,1.79,high strength,7,38.54033290653009,
0,774.774968624115,2500.2254364013675,68.4999951171867,1.0,800,1.79,high strength,2,35.17017828200973,
0,824.533998966217,2595.227687072754,57.40002929687762,1.0,800,1.79,high strength,2,44.559944559944554,
0,815.9729838371277,2737.112554931641,71.69999755859499,1.0,800,1.79,high strength,2,35.708545405839814,
0,950.5725502967834,3038.0696884155277,5.259999999999309,1.0,800,1.79,high strength,30,35.17017828200973,
0,981.6568493843079,3239.9193923950197,4.270009765625218,1.0,800,1.79,high strength,50,22.254616132167143,
0,944.3172216415405,2216.7983451843265,2.3499755859375,1.0,800,1.79,high strength,100,42.19653179190751,
0,833.919107913971,2701.582409667969,11.320039062498836,1.0,800,1.79,high strength,15,41.40625,
0,784.1879725456238,2534.4573837280277,142.71005371093815,1.0,800,1.79,high strength,1,38.853503184713375,
0,794.3530082702637,2589.8316848754885,109.33999511718685,1.0,800,1.79,high strength,1,41.2484700122399,
0,749.6150135993958,2407.373556518555,48.860009765623545,1.0,800,1.79,high strength,3,40.37267080745342,
0,778.6504030227661,2477.1938262939457,14.040009765625655,1.0,800,1.79,high strength,10,36.57505285412262,
0,899.2159962654114,2944.636036682129,30.64001708984506,1.0,800,1.79,high strength,5,35.84603047313553,
0,742.9990768432617,2411.1176544189457,30.33996826171824,1.0,800,1.79,high strength,5,44.482997918112424,
0,798.766553401947,2256.719911956787,8.530009765625437,1.0,800,1.79,high strength,20,36.925098554533506,
0,740.3950095176697,2536.716734313965,142.7600317382803,1.0,800,1.79,high strength,1,38.303341902313626,
0,736.8370294570923,2495.3448348999027,15.319978027344405,1.0,800,1.79,high strength,10,38.97787948131198,
0,945.2231526374817,2977.46763458252,2.1700439453125,1.0,800,1.79,high strength,100,22.50565062964158,
0,742.6460385322571,2487.1202743530275,108.75997802734491,1.0,800,1.79,high strength,1,45.23423772904639,
0,1003.8104057312012,2547.3757232666017,8.45000244140465,1.0,800,1.79,high strength,20,40.16454749439043,
0,594.3468809127808,1913.2185951232912,17.180014648437464,1.0,800,1.79,high strength,7,38.65030674846626,
0,656.1629772186279,2164.341233825684,39.34000976562311,1.0,800,1.79,high strength,3,44.23791821561338,
0,842.0746326446533,2830.3091278076176,2.1500146484358993,1.0,800,1.79,high strength,100,34.2645850451931,
0,812.4854564666748,2709.6362625122074,24.800000000000182,1.0,800,1.79,high strength,5,42.16867469879518,
0,941.9070482254028,3230.8855407714846,86.87001220703132,1.0,800,1.79,high strength,2,36.85872138910813,
0,826.8060088157654,2556.3554946899417,18.010031738281214,1.0,800,1.79,high strength,10,37.33681462140992,
0,918.8073873519897,2894.258418273926,3.5999755859375,1.0,800,1.79,high strength,50,41.477688368690565,
0,845.8142280578613,2649.3291915893556,23.969982910155977,1.0,800,1.79,high strength,5,41.2484700122399,
0,982.276976108551,3292.252091979981,42.759982910156396,1.0,800,1.79,high strength,5,44.16007445323407,
0,821.1439847946167,2691.2784927368166,30.53003173828256,1.0,800,1.79,high strength,5,40.95940959409594,
0,892.1559453010559,3019.260704040528,7.840017089843968,1.0,800,1.79,high strength,20,38.93129770992366,
0,856.1340570449829,2866.670687866211,30.45001464843517,1.0,800,1.79,high strength,5,35.483870967741936,
0,776.6290307044983,2554.5462661743168,20.950034179688373,1.0,800,1.79,high strength,7,38.837920489296636,
0,759.06902551651,2525.7149642944337,77.2400268554702,1.0,800,1.79,high strength,2,38.7911247130834,
0,929.1108250617981,3185.2713500976565,11.259990234375437,1.0,800,1.79,high strength,15,42.05697730564944,
0,955.1859498023987,3022.4388717651373,11.949992675781687,1.0,800,1.79,high strength,15,92.94387440096433,
0,760.1447701454163,2469.888629150391,7.220012207031687,1.0,800,1.79,high strength,20,44.19902348291095,
0,806.1231374740601,2660.815771484375,30.93005615234506,1.0,800,1.79,high strength,5,38.319198149575946,
0,879.6318769454956,2932.0602050781254,32.98998291015596,1.0,800,1.79,high strength,5,40.91580502215657,
0,780.5489897727966,2654.15407409668,133.80002929687544,1.0,800,1.79,high strength,1,35.8974358974359,
0,1012.7813816070557,3465.883403015137,4.210012207031468,1.0,800,1.79,high strength,50,38.17619783616692,
0,723.3259081840515,2366.702514648438,25.820019531249272,1.0,800,1.79,high strength,5,39.577039274924466,
0,802.1403551101685,2636.432702636719,5.020009765624309,1.0,800,1.79,high strength,30,27.862939585211905,
0,900.9299278259277,2974.189227294922,16.620017089844623,1.0,800,1.79,high strength,10,37.451133698201716,
0,943.8029527664185,3212.1934570312505,90.14002197265654,1.0,800,1.79,high strength,2,43.127962085308056,
0,902.8193950653076,3046.734265136719,18.069978027342586,1.0,800,1.79,high strength,10,44.14707935769141,
0,756.9119930267334,2459.111920166016,29.26001220702892,1.0,800,1.79,high strength,5,41.391941391941394,
0,894.6300745010376,2995.1663360595708,11.199992675781687,1.0,800,1.79,high strength,15,41.363303200586365,
0,749.6589422225952,2487.251104736328,112.56001708984331,1.0,800,1.79,high strength,1,46.20040349697378,
0,1264.9646997451782,2828.961219787598,22.169995117186772,1.0,800,1.79,high strength,10,43.899018232819074,
0,1030.9549570083618,3505.4845855712897,176.73000488281286,1.0,800,1.79,high strength,1,38.60322333077513,
0,909.1155529022217,2090.6393440246584,9.040019531250437,1.0,800,1.79,high strength,20,45.00458295142071,
0,983.2339286804199,3261.3662887573246,18.209992675780086,1.0,800,1.79,high strength,10,38.39835728952772,
0,743.283212184906,2470.363059997559,22.770031738281432,1.0,800,1.79,high strength,7,40.313354886844074,
0,1057.3431253433228,2838.044781494141,25.299999999999272,1.0,800,1.79,high strength,7,33.6283185840708,
0,692.9929256439209,2292.4086105346682,97.11003417968641,1.0,800,1.79,high strength,1,37.35317149569303,
0,826.4610171318054,2429.8138351440434,81.95002929687325,1.0,800,1.79,high strength,2,40.95940959409594,
0,853.3719778060913,2686.848559570313,3.4800317382814683,1.0,800,1.79,high strength,50,42.182606600819085,
0,980.1746010780334,3194.985847473145,9.719951171875437,1.0,800,1.79,high strength,20,39.72877950778503,
0,859.5489263534546,2864.443840026856,72.68997802734339,1.0,800,1.79,high strength,2,46.5954606141522,
0,709.5669507980347,2434.237213134766,19.219992675782123,1.0,800,1.79,high strength,7,23.322683706070293,
0,955.2246332168579,2403.08210144043,6.420024414062937,1.0,800,1.79,high strength,30,35.81171436212891,
0,815.9639239311218,2682.338598632813,113.44997070312638,1.0,800,1.79,high strength,1,40.608760207869345,
0,988.6184334754944,2319.90484161377,9.079997558594187,1.0,800,1.79,high strength,20,29.63940193491645,
0,848.9989638328552,2703.2662704467775,79.37997070312485,1.0,800,1.79,high strength,2,33.2220367278798,
0,945.8390474319458,2907.80796661377,173.96999511718786,1.0,800,1.79,high strength,1,33.44425956738769,
0,968.8692092895508,3288.060876464844,29.690004882812445,1.0,800,1.79,high strength,5,41.26284875183554,
0,802.7869462966919,2658.992340087891,21.230002441403485,1.0,800,1.79,high strength,7,32.885906040268466,
0,741.7606711387634,1548.3756744384768,5.239980468750218,1.0,800,1.79,high strength,30,43.15490288962577,
0,864.4421100616455,2926.4951339721683,20.969982910155522,1.0,800,1.79,high strength,7,32.126696832579185,
0,1018.3649063110352,3408.1760055541995,18.450034179688373,1.0,800,1.79,high strength,10,45.66447815259225,
0,888.7614011764526,2981.8718933105474,6.199941406250218,1.0,800,1.79,high strength,30,37.66233766233766,
0,768.0240273475647,2591.0200836181643,55.79005371093808,1.0,800,1.79,high strength,3,45.67677682209145,
0,898.5838890075684,3029.4179489135745,25.649975585937682,1.0,800,1.79,high strength,7,43.529411764705884,
0,778.2649993896484,2629.241947937012,132.80998779296715,1.0,800,1.79,high strength,1,39.24050632911393,
0,677.240252494812,2095.9143486022954,9.650004882812027,1.0,800,1.79,high strength,15,42.74809160305343,
0,902.088463306427,2981.240957641602,3.44000244140625,1.0,800,1.79,high strength,50,42.182606600819085,
0,780.7713150978088,2605.719519042969,3.27996826171875,1.0,800,1.79,high strength,50,42.21045027690826,
0,681.7511916160583,2238.9422752380374,5.020009765625218,1.0,800,1.79,high strength,30,42.30769230769231,
0,804.3272495269775,2517.682962036133,1.79998779296875,1.0,800,1.79,high strength,100,37.92033109156751,
0,826.4569640159607,2741.7104644775395,140.51999023437565,1.0,800,1.79,high strength,1,35.431799838579494,
0,792.7808165550232,2630.072543334961,14.499970703123836,1.0,800,1.79,high strength,10,36.925098554533506,
0,946.1199045181274,3084.3691680908205,4.249990234375218,1.0,800,1.79,high strength,50,35.7429718875502,
0,1129.2558908462524,2093.187258911133,102.71995849609448,1.0,800,1.79,high strength,2,52.009598080383924,
0,941.1252737045288,2110.787223052979,5.369985351562718,1.0,800,1.79,high strength,30,36.94167104571729,
0,806.9000244140625,2670.673390197754,78.89999023437485,1.0,800,1.79,high strength,2,42.84353417480352,
0,918.0617332458496,3091.10106048584,10.689982910156687,1.0,800,1.79,high strength,15,27.797833935018048,
0,805.6327104568481,2606.3531860351563,38.43003662109186,1.0,800,1.79,high strength,3,30.13100436681222,
0,761.0509395599365,2523.3758590698244,68.93998779296999,1.0,800,1.79,high strength,2,40.134696931903214,
0,960.3357315063477,3122.603050231934,5.879995117187718,1.0,800,1.79,high strength,30,38.17619783616692,
0,896.8120217323303,2862.9951461791998,36.67002685546686,1.0,800,1.79,high strength,5,31.034482758620683,
0,841.7190313339233,2811.761531066895,5.370046386718059,1.0,800,1.79,high strength,30,31.487296602911798,
0,948.3848214149475,3156.3083984375003,4.030019531250218,1.0,800,1.79,high strength,50,36.22110018602179,
0,606.8325042724609,1984.3370628356936,4.879995117187718,1.0,800,1.79,high strength,30,39.45509586276488,
0,797.2378134727478,2710.639750671387,8.150004882811118,1.0,800,1.79,high strength,20,38.25572420890146,
0,731.5730452537537,2426.25601348877,17.269990234377474,1.0,800,1.79,high strength,7,45.811695642357186,
0,783.9057445526123,2597.2387603759767,10.259990234375437,1.0,800,1.79,high strength,15,43.75439418795406,
0,938.444972038269,3126.7227050781253,155.0399804687495,1.0,800,1.79,high strength,1,60.92478020188864,
0,939.433753490448,3196.955131530762,16.899995117189974,1.0,800,1.79,high strength,10,39.34799090219863,
0,975.5220413208008,3370.1058654785156,168.2999707031231,1.0,800,1.79,high strength,,26.86474132557656,0.5
0,805.8519959449768,2418.282491861979,69.98002685546817,1.0,750,1.82,high modulus fiber,1,49.7472132545532,
0,1434.7041845321655,4.739691317081451,87.01997558593757,1.0,800,1.79,high strength,,52.167414050822124,1.25
0,4223.506927490234,5.7367992997169495,1097.9099707031255,1.0,800,1.79,high strength,,39.50642744208428,0.1
0,527.0280838012695,2014.1139306640623,46.200046386718896,1.0,750,1.82,high modulus fiber,1,26.388579076511263,
0,636.101484298706,2533.3066992187496,55.39002929687558,1.0,750,1.82,high modulus fiber,1,26.562221826597835,
0,1000.0790357589722,3359.6119995117188,172.6499975585939,1.0,800,1.79,high strength,,50.98,0.5
1,1000.0790357589722,3042.3619995117188,172.6600073242189,1.0,800,1.79,high strength,,50.98,0.5
0,1324.710726737976,3429.230712890625,29.26996093749949,1.0,800,1.79,high strength,,49.48915164734244,4.0
0,1298.1749773025513,1809.8624267578125,993.5299877929683,1.0,800,1.79,high strength,,38.80176640356062,0.1
0,924.8747825622559,3188.1151428222656,64.40996826171977,1.0,800,1.79,high strength,,46.1,1.25
0,983.0520153045654,3298.150634765625,169.49003417968925,1.0,800,1.79,high strength,,46.58,0.5
0,1016.1370038986206,3449.0775146484375,22.639975585938373,1.0,800,1.79,high strength,,35.587761674718195,4.0
0,1101.2860536575317,1188.9688568115234,186.37000000000262,1.0,800,1.79,high strength,,25.88225385328056,0.5
0,995.0597286224365,0.38752783834934235,190.93998779296817,1.0,800,1.79,high strength,,25.486875529212526,0.5
0,1326.3819217681885,3582.5105895996094,152.44001464843768,1.0,800,1.79,high strength,,51.42147391664367,0.75
0,1234.8638772964478,1850.639419555664,421.0300024414064,1.0,800,1.79,high strength,,35.604258900150015,0.25
0,997.165858745575,1942.515609741211,49.360019531250146,1.0,800,1.79,high strength,,40.01158867037049,1.75
0,1076.4458179473877,3558.1981201171875,370.2099707031266,1.0,800,1.79,high strength,,34.67691051479049,0.25
0,1289.5808219909668,267.1550045013428,74.5599731445318,1.0,800,1.79,high strength,,51.142325736335124,1.5
0,1185.4808330535889,4060.5759887695312,51.70003662109366,1.0,800,1.79,high strength,,46.38233054074638,2.0
0,1267.5031423568726,5.489090323448181,385.7300219726567,1.0,800,1.79,high strength,,36.09527613376421,0.25
0,1208.700180053711,4237.064483642578,52.70997558593763,1.0,800,1.79,high strength,,46.38233054074638,2.0
0,1599.2281436920166,7.457080721855164,413.09996826171846,1.0,800,1.79,high strength,,51.74,0.25
0,1315.4749870300293,7.441056132316589,42.850009765625146,1.0,800,1.79,high strength,,51.50446379367354,2.5
0,1276.8511772155762,2144.2482147216797,72.76999511718714,1.0,800,1.79,high strength,,51.41342756183746,1.5
0,1367.612361907959,2.4897637367248535,428.8100219726548,1.0,800,1.79,high strength,,37.55765273540056,0.25
0,1401.167869567871,5.948368191719055,1118.7699682617167,1.0,800,1.79,high strength,,51.73453996983408,0.1
0,1295.664668083191,829.4046020507812,27.98999267578165,1.0,800,1.79,high strength,,56.71,4.0
0,657.7660441398621,1135.1640519205728,58.14002929687467,1.0,750,1.82,high modulus fiber,1,26.971762414800395,
1,657.7660441398621,1135.1640519205728,58.14002929687467,1.0,750,1.82,high modulus fiber,1,26.971762414800395,
0,1726.3484001159668,2.5075441002845764,59.08997070312489,1.0,800,1.79,high strength,,43.3774088730174,1.75
0,1296.417236328125,4417.174896240234,1097.0399755859362,1.0,800,1.79,high strength,,38.39260711285355,0.1
0,1061.5570545196533,932.3019332885742,271.4300146484384,1.0,800,1.79,high strength,,23.524810984618057,0.5
1,1061.5570545196533,932.3263092041016,271.5400000000009,1.0,800,1.79,high strength,,23.524810984618057,0.5
2,1061.5570545196533,932.2984313964844,271.7700415039071,1.0,800,1.79,high strength,,23.524810984618057,0.5
3,1061.5570545196533,932.2984313964844,271.7700415039071,1.0,800,1.79,high strength,,23.524810984618057,0.5
4,1061.5570545196533,932.2775573730469,271.7799902343759,1.0,800,1.79,high strength,,23.524810984618057,0.5
5,1061.5570545196533,932.2705535888672,271.7900000000009,1.0,800,1.79,high strength,,23.524810984618057,0.5
0,1007.8216791152954,3380.062774658203,87.33002441406279,1.0,800,1.79,high strength,,46.92,1.0
0,1118.3254718780518,2.4357925951480865,19.899985351563373,1.0,800,1.79,high strength,,51.0,5.0
0,1004.3224096298218,3419.18701171875,50.050012207031614,1.0,800,1.79,high strength,,39.43356619291785,1.75
0,2199.4667053222656,5.7728278040885925,185.59998046875262,1.0,800,1.79,high strength,,38.54963164693971,0.5
0,2493.821620941162,4.405995815992355,40.389987792968896,1.0,800,1.79,high strength,,38.83,2.0
0,1188.6197328567505,4.952502071857452,33.09001953124971,1.0,800,1.79,high strength,,54.78,3.0
0,999.1649389266968,3358.3189086914062,115.12001464843706,1.0,800,1.79,high strength,,45.73,0.75
0,1030.9638977050781,3464.925018310547,30.39001708984415,1.0,800,1.79,high strength,,46.18,3.0
0,4330.283641815186,3.2622010409832,99.40996093750073,1.0,800,1.79,high strength,,36.22264096245832,1.0
1,4330.283641815186,3.2622010409832,99.40996093750073,1.0,800,1.79,high strength,,36.22264096245832,1.0
0,1186.355471611023,934.7705612182617,131.81004882812704,1.0,800,1.79,high strength,,34.973767826793775,0.75
0,1292.3054695129395,4164.832122802734,74.73996582031259,1.0,800,1.79,high strength,,40.05653758386976,1.5
0,597.4709391593933,2293.347815755208,52.139978027344114,1.0,750,1.82,high modulus fiber,1,27.152317880794698,
0,1188.8312101364136,1301.116470336914,76.32004394531032,1.0,800,1.79,high strength,,33.9562460129836,1.25
0,1353.7163734436035,1791.380126953125,65.04998291015636,1.0,800,1.79,high strength,,52.405419292030615,1.75
0,1056.473970413208,3409.8228149414062,906.4499536132826,1.0,800,1.79,high strength,,47.9,0.1
0,1030.328869819641,2765.8773193359375,71.63999023437646,1.0,800,1.79,high strength,,49.29,1.25
0,822.0793604850769,1167.554443359375,46.340000000000146,1.0,800,1.79,high strength,,41.73,1.5
0,1072.759509086609,1378.546875,88.46997802734222,1.0,800,1.79,high strength,,46.28,1.0
0,1264.8321390151978,3175.044708251953,37.03001220703118,1.0,800,1.79,high strength,,48.8119128639153,3.0
0,1116.7117357254028,3812.1399536132812,48.880029296875364,1.0,800,1.79,high strength,,38.92494013950099,2.0
0,678.0674457550049,1965.2264099121094,58.98999511718739,1.0,750,1.82,high modulus fiber,1,48.76731043904862,
0,1197.8696584701538,2.6779984831809998,49.569970703125364,1.0,800,1.79,high strength,,36.231884057971016,2.0
0,1091.9824838638306,1.0910481959581375,25.95001464843699,1.0,800,1.79,high strength,,42.253428702670774,4.0
0,1070.531964302063,3089.700714111328,23.799999999999272,1.0,800,1.79,high strength,,38.16533745564417,4.0
0,1044.4852113723755,3623.8738403320312,36.73998291015596,1.0,800,1.79,high strength,,40.29445688309926,2.5
0,1207.7677249908447,3186.492462158203,35.42003662109346,1.0,800,1.79,high strength,,42.84044038842519,3.0
0,1353.1849384307861,378.6064109802246,1084.8299731445331,1.0,800,1.79,high strength,,51.37852920050832,0.1
0,1252.7090311050415,4201.557769775391,215.73999755859404,1.0,800,1.79,high strength,,42.00032954358214,0.5
0,823.5340118408203,2732.3731384277344,48.120029296875146,1.0,800,1.79,high strength,,46.11,1.5
0,1205.8507204055786,3.1361919343471527,38.44999511718743,1.0,800,1.79,high strength,,46.83,2.5
0,1411.2416505813599,171.3929843902588,225.50999755859266,1.0,800,1.79,high strength,,51.62442966302017,0.5
0,1043.7437295913696,3491.97802734375,45.719943847656396,1.0,800,1.79,high strength,,50.63,2.0
0,3357.9299449920654,4.479502558708191,115.63002441406206,1.0,800,1.79,high strength,,51.67623074599818,1.0
0,1276.7904996871948,2036.1835327148438,22.45002441406359,1.0,800,1.79,high strength,,54.73,5.0
0,1062.3010396957397,1833.1509704589844,18.710043945311554,1.0,800,1.79,high strength,,43.12857465990242,5.0
0,1176.2222051620483,3830.969696044922,1009.1600244140609,1.0,800,1.79,high strength,,51.43,0.1
0,1680.760145187378,2.6672076880931854,27.550000000000182,1.0,800,1.79,high strength,,55.58,4.0
0,1211.201786994934,15.69420576095581,99.60997314453016,1.0,800,1.79,high strength,,51.99,1.0
0,5295.928955078125,4.414228856563568,63.21001708984386,1.0,800,1.79,high strength,,50.16987542468856,1.75
0,1224.9653339385986,1117.532455444336,51.619958496093886,1.0,800,1.79,high strength,,46.38233054074638,2.0
0,1180.4288625717163,2448.2312622070312,135.8299975585942,1.0,800,1.79,high strength,,40.23769100169779,0.75
0,1023.5500335693359,2056.9151458740234,35.15996582031221,1.0,800,1.79,high strength,,42.9,2.5
0,574.6511220932007,2153.423309326172,50.219995117187864,1.0,750,1.82,high modulus fiber,1,27.634752861716592,
0,864.4137978553772,2143.466262817383,19.399985351563373,1.0,800,1.79,high strength,,51.1,4.0
0,707.5649499893188,2426.983626302083,61.550053710937846,1.0,750,1.82,high modulus fiber,1,49.80530542711122,
0,1043.2969331741333,2035.7064514160156,18.749970703123836,1.0,800,1.79,high strength,,38.65885961243553,5.0
0,1640.1188373565674,889.7520217895508,89.5899829101545,1.0,800,1.79,high strength,,39.643347050754464,1.25
0,899.9271392822266,3063.5513305664062,78.11996093749985,1.0,800,1.79,high strength,,23.073560907382316,0.5
0,1314.1177892684937,1775.38623046875,23.290000000000873,1.0,800,1.79,high strength,,51.23437976226761,5.0
0,1124.6180534362793,3892.64501953125,97.25999755859448,1.0,800,1.79,high strength,,44.9397778820585,1.0
0,1211.866021156311,4012.270477294922,1039.8799877929669,1.0,800,1.79,high strength,,51.78,0.1
0,668.7180399894714,2297.310551757812,58.21998535156263,1.0,750,1.82,high modulus fiber,1,49.43613630791861,
0,1033.3251953125,3551.5340881347656,178.2799926757798,1.0,800,1.79,high strength,,34.783414236484234,0.5
0,1165.7379865646362,3827.434295654297,400.5800292968779,1.0,800,1.79,high strength,,48.99,0.25
0,1236.9539737701416,3976.6607666015625,61.44000732421864,1.0,800,1.79,high strength,,48.21549415953159,1.75
0,1386.3990306854248,4833.4932861328125,476.2299682617195,1.0,800,1.79,high strength,,52.10884353741496,0.25
0,1003.6716461181641,3269.9193420410156,13.150004882812937,1.0,800,1.79,high strength,,49.01,7.0
0,1375.1188516616821,6.244286119937897,56.82002197265638,1.0,800,1.79,high strength,,49.42,1.75
0,1314.3764734268188,434.26043701171875,40.12998779296868,1.0,800,1.79,high strength,,42.398952708231064,2.5
0,767.9169774055481,2105.8684130859374,66.63994873046886,1.0,750,1.82,high modulus fiber,1,50.142019701456455,
0,999.6099472045898,2986.3877563476562,35.20000488281221,1.0,800,1.79,high strength,,41.362652007329665,2.5
0,563.0511045455933,2187.822325846354,49.199975585936954,1.0,750,1.82,high modulus fiber,1,25.464155034557535,
0,652.4049043655396,2514.6851725260412,56.81001220703183,1.0,750,1.82,high modulus fiber,1,26.46731137751236,
0,964.5777940750122,2737.6188354492188,24.580029296875182,1.0,800,1.79,high strength,,52.59,3.5
0,1054.4989109039307,3432.700469970703,362.38002441406206,1.0,800,1.79,high strength,,37.091182042391964,0.25
0,988.7419939041138,3253.080047607422,57.48994384765592,1.0,800,1.79,high strength,,38.29108376284141,1.5
0,1083.1340551376343,1.8181609958410263,385.13999511718794,1.0,800,1.79,high strength,,49.0,0.25
1,1083.1340551376343,1.8181609958410263,385.13999511718794,1.0,800,1.79,high strength,,49.0,0.25
0,1094.8772430419922,3910.58349609375,27.72998291015756,1.0,800,1.79,high strength,,47.28329239801114,3.5
0,1138.4168863296509,1704.4481964111328,195.07994140625306,1.0,800,1.79,high strength,,37.05068135484101,0.5
0,1202.4257183074951,3915.3724365234375,83.33998291015632,1.0,800,1.79,high strength,,51.6257592831817,1.25
0,1034.3270301818848,3296.6622619628906,355.9199609374991,1.0,800,1.79,high strength,,48.21,0.25
0,1093.1775569915771,3845.9061584472656,27.629956054687682,1.0,800,1.79,high strength,,52.74,3.5
0,1098.3120203018188,3101.4418029785156,63.70001708984455,1.0,800,1.79,high strength,,34.0131973605279,1.5
0,1282.7019691467285,4.610161542892456,42.37998779296868,1.0,800,1.79,high strength,,46.71510747805026,2.5
0,1388.5761499404907,4.445266842842102,85.62001220703132,1.0,800,1.79,high strength,,40.71,1.0
0,994.8806166648865,2266.201400756836,169.8999975585939,1.0,800,1.79,high strength,,26.319755515552387,0.5
0,1281.5409898757935,3.68865430355072,30.41998535156199,1.0,800,1.79,high strength,,50.54,3.5
0,1176.6940355300903,2507.761505126953,135.18003417968794,1.0,800,1.79,high strength,,50.98858256752994,0.75
0,580.5826187133789,2004.1568066406246,50.620019531250364,1.0,750,1.82,high modulus fiber,1,26.41812343917232,
0,1088.4594917297363,1910.503921508789,186.11999999999898,1.0,800,1.79,high strength,,48.53,0.5
0,1230.3807735443115,3583.0343627929688,31.0499902343754,1.0,800,1.79,high strength,,52.74,3.5
0,976.6446352005005,1858.4656677246094,48.590000000000146,1.0,800,1.79,high strength,,52.09,1.75
0,1140.9111022949219,2610.9201049804688,25.300000000000182,1.0,800,1.79,high strength,,57.75,4.0
0,1082.0094347000122,2668.741973876953,27.34002929687449,1.0,800,1.79,high strength,,40.203173308870994,3.5
0,1309.4297647476196,4585.75927734375,75.76999511718714,1.0,800,1.79,high strength,,46.38233054074638,1.5
0,1082.4439525604248,3789.059326171875,372.08002685547035,1.0,800,1.79,high strength,,51.73321632294866,0.25
0,1175.8214235305786,2387.7561950683594,101.78001708984357,1.0,800,1.79,high strength,,45.556346088409065,1.0
0,949.3756294250488,3293.341094970703,109.42996093749935,1.0,800,1.79,high strength,,52.1,0.75
0,1033.3349704742432,3414.9984741210938,178.0600219726566,1.0,800,1.79,high strength,,28.007526485867388,0.5
0,832.6237797737122,2352.719970703125,143.89998535156246,1.0,800,1.79,high strength,,34.80032599837001,0.5
0,1359.2411279678345,6.849522292613983,421.59999999999854,1.0,800,1.79,high strength,,51.16,0.25
0,1110.653281211853,4.919995307922363,64.10998046874738,1.0,800,1.79,high strength,,51.87,1.5
0,1120.4367876052856,4.970283508300781,18.890036621094623,1.0,800,1.79,high strength,,37.71013979826579,5.0
0,1043.2651042938232,3518.033203125,72.41001953125306,1.0,800,1.79,high strength,,49.75,1.25
0,1333.6434364318848,3382.3314514160156,29.41003662109324,1.0,800,1.79,high strength,,51.1992236240122,4.0
0,1649.0665674209595,5.81964898109436,150.06000976562427,1.0,800,1.79,high strength,,50.111964624847644,0.75
0,1725.4197597503662,5.458665490150452,107.73995849609491,1.0,800,1.79,high strength,,36.90625560136225,1.0
0,1201.4437913894653,1683.2723236083984,50.750024414061045,1.0,800,1.79,high strength,,42.25532333737984,2.0
0,1313.1662607192993,5.7569620013237,989.7499682617199,1.0,800,1.79,high strength,,47.388873942546255,0.1
0,1048.8497018814087,3485.0297241210938,30.84001953124971,1.0,800,1.79,high strength,,43.39015760694757,3.0
0,1375.1091957092285,4.832760214805603,38.139997558595496,1.0,800,1.79,high strength,,47.034217099521506,3.0
0,1286.0760688781738,3461.174285888672,56.05000244140683,1.0,800,1.79,high strength,,51.56718676903602,2.0
0,908.769428730011,3106.4422302246094,79.0000268554686,1.0,800,1.79,high strength,,39.21812405028319,1.0
0,1176.3968467712402,3308.5717163085938,51.339990234375364,1.0,800,1.79,high strength,,45.28724197960707,2.0
0,1250.0728368759155,3644.048858642578,31.53002197265596,1.0,800,1.79,high strength,,40.59071729957806,3.5
0,764.6107077598572,2215.9757537841797,66.41997802734386,1.0,750,1.82,high modulus fiber,1,49.664429530201346,
0,1686.8518590927124,2.241325333714485,21.969992675780304,1.0,800,1.79,high strength,,40.148269060735906,5.0
0,1139.8565769195557,3950.0565490722656,98.62004394531232,1.0,800,1.79,high strength,,45.85614963391374,1.0
0,2178.89404296875,6.092058420181274,84.77998535156257,1.0,800,1.79,high strength,,50.45881889320498,1.25
0,1290.118932723999,4448.209899902344,111.48000976562616,1.0,800,1.79,high strength,,51.94014363343437,1.0
0,1132.9461336135864,4.114659637212753,63.57000244140636,1.0,800,1.79,high strength,,39.52721275426059,1.5
0,590.4278755187988,2172.9708709716797,51.459985351561954,1.0,750,1.82,high modulus fiber,1,26.401712832864973,
0,1111.2875938415527,1930.3872528076172,48.149997558593896,1.0,800,1.79,high strength,,35.89977055031504,2.0
0,931.7492246627808,3153.166259765625,40.82999999999993,1.0,800,1.79,high strength,,42.25,2.0
0,1279.6704769134521,3005.8206481933594,32.21996337890596,1.0,800,1.79,high strength,,51.651008186363384,3.5
0,722.0950126647949,2763.9170507812496,62.77002441406239,1.0,750,1.82,high modulus fiber,1,48.55165102428985,
0,1044.3278551101685,3578.15478515625,896.029990234374,1.0,800,1.79,high strength,,39.08980792524658,0.1
0,922.533929347992,3136.405517578125,159.2100146484372,1.0,800,1.79,high strength,,26.236378876781217,0.5
0,799.2385029792786,2276.2257385253906,69.36998046875033,1.0,750,1.82,high modulus fiber,1,49.76710201844918,
0,1065.743088722229,3481.710479736328,27.010021972656432,1.0,800,1.79,high strength,,53.09,3.5
0,1484.9483966827393,6.071285784244537,57.86000000000058,1.0,800,1.79,high strength,,37.154079628637746,1.5
0,1193.7768459320068,3486.7345275878906,69.21000732421908,1.0,800,1.79,high strength,,48.71197109220189,1.5
0,882.0112347602844,2971.2422790527344,61.40997802734273,1.0,800,1.79,high strength,,42.82,1.25
0,1288.590669631958,4.431280732154846,28.55005126953074,1.0,800,1.79,high strength,,51.458988361189256,4.0
0,1171.9359159469604,3157.1600646972656,101.35001464843845,1.0,800,1.79,high strength,,46.78438605509026,1.0
0,2387.049436569214,3.2296003997325897,32.74999267578096,1.0,800,1.79,high strength,,36.97629449258755,3.5
0,583.5123062133789,2293.3765494791664,50.969995117187864,1.0,750,1.82,high modulus fiber,1,49.18699186991871,
0,772.9707956314087,3231.5788476562493,67.17002929687533,1.0,750,1.82,high modulus fiber,1,50.02725785934945,
0,1175.4757165908813,5.225856721401215,124.050048828125,1.0,800,1.79,high strength,,49.3350221659278,0.75
0,1178.187370300293,2540.4175415039062,202.75997558593735,1.0,800,1.79,high strength,,50.13034115380256,0.5
0,736.8246912956238,2802.887386067708,64.03997314453136,1.0,750,1.82,high modulus fiber,1,49.23857868020305,
0,1014.0419006347656,3269.1796875,58.86000000000058,1.0,800,1.79,high strength,,46.29,1.5
0,2192.315101623535,5.331409692764282,70.67002929687442,1.0,800,1.79,high strength,,46.15761135584924,1.5
0,1066.0325288772583,3697.618194580078,61.839960937499654,1.0,800,1.79,high strength,,46.38233054074638,1.5
0,1737.521767616272,3.8054060339927673,28.57996826171984,1.0,800,1.79,high strength,,43.18915429309232,3.5
0,3093.3704376220703,3.9921725392341614,25.259960937499272,1.0,800,1.79,high strength,,38.11097826851396,4.0
0,1239.4444942474365,3623.3212280273438,212.95996826171904,1.0,800,1.79,high strength,,51.03494324504785,0.5
0,1221.034288406372,3298.8353576660156,21.860058593749272,1.0,800,1.79,high strength,,54.24,5.0
0,1149.154782295227,3954.7803955078125,57.24000488281217,1.0,800,1.79,high strength,,51.285670790777495,1.75
0,1273.4135389328003,3.8800604939460754,22.810009765624272,1.0,800,1.79,high strength,,50.89011663597299,5.0
0,1170.8287000656128,762.0104827880859,127,1.0,800,1.79,high strength,,50.68,0.75
0,1166.3650274276733,3285.165069580078,27.81000000000131,1.0,800,1.79,high strength,,52.110146662675845,4.0
1,1166.3650274276733,3285.165069580078,27.81000000000131,1.0,800,1.79,high strength,,52.110146662675845,4.0
2,1166.3650274276733,3284.886016845703,27.82000976562631,1.0,800,1.79,high strength,,52.110146662675845,4.0
0,539.1707420349121,2096.756119791666,47.119968261718896,1.0,750,1.82,high modulus fiber,1,26.76756468865119,
0,1045.5310344696045,3521.5504760742188,45.759982910156396,1.0,800,1.79,high strength,,44.76,2.0
0,1611.8779182434082,443.6443405151367,139.1200268554694,1.0,800,1.79,high strength,,52.34484999458464,0.75
0,1292.8587198257446,520.6494026184082,42.750034179687646,1.0,800,1.79,high strength,,43.064182194616976,2.5
0,1261.3208293914795,4390.470428466797,44.12002929687333,1.0,800,1.79,high strength,,51.56318802289741,2.5
0,1055.227518081665,3500.2455139160156,52.610009765625364,1.0,800,1.79,high strength,,44.14471596318629,1.75
0,1066.6331052780151,3212.87255859375,53.16004882812558,1.0,800,1.79,high strength,,50.22,1.75
0,779.6708345413208,2995.5111621093747,67.70000732421886,1.0,750,1.82,high modulus fiber,1,48.7991063116738,
0,1052.2511005401611,3672.9324645996094,73.05997314453089,1.0,800,1.79,high strength,,47.509692812406804,1.25
0,1048.0397939682007,3663.8975830078125,180.63001953125058,1.0,800,1.79,high strength,,50.261410202063026,0.5
0,1393.0224180221558,96.13045692443848,202.8099633789061,1.0,800,1.79,high strength,,50.57,0.5
0,1254.7672986984253,1646.7952423095703,42.379978027343896,1.0,800,1.79,high strength,,49.41,2.5
0,1012.4679803848267,3395.0863037109375,869.0700268554701,1.0,800,1.79,high strength,,51.56,0.1
0,1238.6599779129028,3508.0933227539062,142.4800122070319,1.0,800,1.79,high strength,,50.73,0.75
0,1271.728754043579,1267.0440216064453,208.31996337890632,1.0,800,1.79,high strength,,42.28183517528613,0.5
0,1091.8220281600952,2892.3019409179688,73.98996582031032,1.0,800,1.79,high strength,,38.132733408323965,1.25
0,562.0409250259399,2194.7733691406247,49.129968261719114,1.0,750,1.82,high modulus fiber,1,26.378725682669995,
0,1005.4671764373779,3176.303466796875,18.180014648438373,1.0,800,1.79,high strength,,37.53327417923691,5.0
0,1231.4766645431519,1072.4323425292969,130.03996826171897,1.0,800,1.79,high strength,,49.62,0.75
0,1278.3784866333008,567.9684104919434,22.199973144532123,1.0,800,1.79,high strength,,48.4792599748251,5.0
0,545.9476709365845,2178.777571614583,47.740014648437864,1.0,750,1.82,high modulus fiber,1,27.010528178359735,
0,1417.8190231323242,5.446874499320984,46.559970703125146,1.0,800,1.79,high strength,,50.20089412031012,2.5
0,1256.7050457000732,4321.150817871094,31.67999511718699,1.0,800,1.79,high strength,,52.470969484202,3.5
0,1233.0256700515747,3.234083443880081,41.81004150390618,1.0,800,1.79,high strength,,50.70718386780563,2.5
0,1247.3522424697876,1574.352767944336,85.06996337890632,1.0,800,1.79,high strength,,51.147750298387315,1.25
0,1204.1332721710205,2372.7365112304688,59.61999999999989,1.0,800,1.79,high strength,,42.27804926043751,1.75
0,1135.634183883667,3945.979522705078,130.99999023437704,1.0,800,1.79,high strength,,38.20441697974088,0.75
0,1190.7360553741455,2353.8323364257812,59.23999511718739,1.0,800,1.79,high strength,,52.634695085849614,1.75
0,1080.8738470077515,2278.2101440429688,33.16998535156199,1.0,800,1.79,high strength,,39.6392070786748,3.0
0,1321.9975233078003,1847.6084289550781,220.26000732421926,1.0,800,1.79,high strength,,51.14096940758426,0.5
0,1315.8880472183228,1191.441879272461,103.43999023437482,1.0,800,1.79,high strength,,50.325985718720894,1.0
0,1307.3402643203735,4335.975494384766,32.89000732422028,1.0,800,1.79,high strength,,48.55756583754713,3.5
0,1201.6443014144897,3061.14697265625,26.65997558593699,1.0,800,1.79,high strength,,49.52391877939658,4.0
0,1161.5616083145142,3067.0988159179688,34.03002197265596,1.0,800,1.79,high strength,,52.0,3.0
0,1292.372465133667,3212.864044189453,37.77996093749971,1.0,800,1.79,high strength,,51.35299483125571,3.0
0,1069.5449113845825,3569.2058715820312,62.04999267578114,1.0,800,1.79,high strength,,43.479238254279196,1.5
0,636.9590163230896,1282.8101448567706,55.21998535156217,1.0,750,1.82,high modulus fiber,1,24.27719137218908,
0,1100.6394624710083,4.739424169063568,75.8500122070327,1.0,800,1.79,high strength,,35.55946104276508,1.25
0,1695.37353515625,5.5583256483078,106.35001464843663,1.0,800,1.79,high strength,,36.70203200863154,1.0
0,1101.4115810394287,3.4283432364463806,19.459982910156214,1.0,800,1.79,high strength,,49.23,5.0
0,666.8447852134705,638.8600642903644,59.23994384765592,1.0,750,1.82,high modulus fiber,1,27.360774818401936,
0,1568.765640258789,5.145979464054108,38.56999023437493,1.0,800,1.79,high strength,,42.2,2.5
0,1298.8543510437012,4004.8607482910156,23.130026855465985,1.0,800,1.79,high strength,,51.22086416673596,5.0
0,1288.983941078186,4390.881042480469,1106.4399804687491,1.0,800,1.79,high strength,,51.05264621631393,0.1
0,889.7755146026611,3002.794464111328,44.569980468750146,1.0,800,1.79,high strength,,45.15,1.75
0,1134.290337562561,1807.7899932861328,76.88999023437646,1.0,800,1.79,high strength,,50.42,1.25
0,873.672604560852,308.129150390625,42.49003417968743,1.0,800,1.79,high strength,,48.18,1.75
0,1185.716986656189,4074.3470764160156,51.71003662109342,1.0,800,1.79,high strength,,48.99142128448876,2.0
0,1074.7917890548706,1445.4141998291016,18.699973144532123,1.0,800,1.79,high strength,,50.23,5.0
0,1368.9943552017212,808.0908508300781,48.339990234375364,1.0,800,1.79,high strength,,47.43,2.0
0,1775.1413583755493,3.8994839787483215,449.1600195312494,1.0,800,1.79,high strength,,51.53918167299962,0.25
0,1395.8256244659424,3860.5973510742188,74.42001953125055,1.0,800,1.79,high strength,,51.46835792086033,1.5
1,1395.8256244659424,3860.5973510742188,74.42001953125055,1.0,800,1.79,high strength,,51.46835792086033,1.5
0,1133.6640119552612,3738.886962890625,97.64000244140607,1.0,800,1.79,high strength,,43.108352728213085,1.0
0,2566.769599914551,2.7979570627212524,47.389987792968896,1.0,800,1.79,high strength,,40.69481416585234,2.0
0,1086.1070156097412,1897.2932739257812,186.58002197265887,1.0,800,1.79,high strength,,50.71,0.5
0,1065.0492906570435,3700.5281982421875,31.35003906249949,1.0,800,1.79,high strength,,42.308322680040646,3.0
0,966.6265249252319,3342.6315307617188,111.30001708984491,1.0,800,1.79,high strength,,34.28176692431201,0.75
0,1058.9179992675781,3576.8303833007812,908.7700122070346,1.0,800,1.79,high strength,,52.45,0.1
0,1109.7731590270996,3568.8674926757812,32.61004882812449,1.0,800,1.79,high strength,,42.62241637869205,3.0
0,1312.1048212051392,3409.9876098632812,75.81998291015589,1.0,800,1.79,high strength,,52.68053987202237,1.5
0,1010.5699300765991,3443.9518432617188,174.1700073242173,1.0,800,1.79,high strength,,32.23732337427329,0.5
0,1165.783166885376,1610.595703125,33.67003662109346,1.0,800,1.79,high strength,,52.18,3.0
0,1166.1263704299927,3.600224554538727,38.51994140624993,1.0,800,1.79,high strength,,42.96,2.5
0,904.6400785446167,3013.626983642578,156.0499902343763,1.0,800,1.79,high strength,,23.816119816466113,0.5
0,665.7460331916809,2.616814098358154,59.01001464843739,1.0,750,1.82,high modulus fiber,1,49.352323653999626,
1,665.7460331916809,2.616814098358154,59.01001464843739,1.0,750,1.82,high modulus fiber,1,49.352323653999626,
0,1186.097502708435,2526.0746154785156,82.18001953124985,1.0,800,1.79,high strength,,39.06872078933703,1.25
0,1142.0965194702148,1782.8863220214844,19.689963378905304,1.0,800,1.79,high strength,,43.28252392768522,5.0
0,498.8637864589691,1952.4242545572913,43.62998779296868,1.0,750,1.82,high modulus fiber,1,27.026668435717127,
0,1211.4901542663574,1021.7962875366211,34.93999511718721,1.0,800,1.79,high strength,,48.610137818266764,3.0
0,1356.4015626907349,412.6897087097168,44.40000732421868,1.0,800,1.79,high strength,,41.60583941605839,2.5
0,1101.2938022613525,1383.0184478759766,23.530041503905522,1.0,800,1.79,high strength,,40.54054054054054,4.0
0,1393.7276601791382,1382.1200408935547,446.77995361328067,1.0,800,1.79,high strength,,49.37873907040957,0.25
0,1205.9507369995117,1278.0218353271484,137.1000170898442,1.0,800,1.79,high strength,,37.45557924662402,0.75
0,922.6763844490051,210.23780822753906,75.05002441406214,1.0,800,1.79,high strength,,44.99,1.0
0,1023.7340927124023,3500.281219482422,176.57002197265683,1.0,800,1.79,high strength,,26.85258301816218,0.5
0,1210.4824781417847,4201.593200683594,26.8200097656254,1.0,800,1.79,high strength,,53.46,4.0
0,1184.6048831939697,4042.1178588867188,203.99996582031235,1.0,800,1.79,high strength,,51.651008186363384,0.5
0,1046.2000370025635,2680.9183959960938,30.76001220703165,1.0,800,1.79,high strength,,54.36,3.0
0,1199.3213891983032,2280.5120544433594,1021.3999853515634,1.0,800,1.79,high strength,,46.42150445980091,0.1
0,699.1609930992126,2865.341468098958,95.86999267578085,1.0,750,1.82,high modulus fiber,1,49.527392860420306,
0,1256.3652992248535,3241.3131408691406,36.85002929687471,1.0,800,1.79,high strength,,51.60048399516005,3.0
0,1080.939769744873,3715.597869873047,31.770021972656195,1.0,800,1.79,high strength,,46.38233054074638,3.0
0,1207.0589065551758,2131.233673095703,30.30999999999949,1.0,800,1.79,high strength,,52.24787692975554,3.5
0,1292.5528287887573,3870.0741577148438,56.28999267578092,1.0,800,1.79,high strength,,52.00436323970548,2.0
0,1275.839924812317,3634.738494873047,55.61000000000058,1.0,800,1.79,high strength,,51.84810265109026,2.0
0,1325.445294380188,2699.998077392578,455.01998535156235,1.0,800,1.79,high strength,,51.949328382658074,0.25
0,1011.1631155014038,3404.3983154296875,58.74005615234637,1.0,800,1.79,high strength,,50.09,1.5
0,1340.8139944076538,419.23004150390625,104.54001708984288,1.0,800,1.79,high strength,,39.2244207327601,1.0
0,1147.2525596618652,1.7340524196624756,942.1100415039073,1.0,800,1.79,high strength,,41.03457518091665,0.1
0,1322.83616065979,3458.8547973632812,33.27001220703096,1.0,800,1.79,high strength,,44.66104892466357,3.5
